{
    "modes": [
        {
            "index": 0,
            "strictly local log-evidence": -69.4708683043284,
            "strictly local log-evidence error": 0.01768256883806455,
            "local log-evidence": -69.4708683043284,
            "local log-evidence error": 0.01768256883806455,
            "mean": [
                1.9794415099198863,
                1.1033008307850483,
                -0.016617016158619224
            ],
            "sigma": [
                0.05618804470031992,
                0.32907398631222745,
                0.05551548410576793
            ],
            "maximum": [
                1.9742889070994067,
                1.1488719391629552,
                -0.03731711012640915
            ],
            "maximum a posterior": [
                1.9742889070994067,
                1.1488719391629552,
                -0.03731711012640915
            ]
        }
    ],
    "nested sampling global log-evidence": -69.22632109298759,
    "nested sampling global log-evidence error": 0.17408723265443843,
    "global evidence": -69.4708683043284,
    "global evidence error": 0.01768256883806455,
    "nested importance sampling global log-evidence": -69.4708683043284,
    "nested importance sampling global log-evidence error": 0.01768256883806455,
    "marginals": [
        {
            "median": 1.979518960797043,
            "sigma": 0.057434122651286335,
            "1sigma": [
                1.922684109093758,
                2.0375523543963308
            ],
            "2sigma": [
                1.8692665528907146,
                2.086269934494593
            ],
            "3sigma": [
                1.8034885534793519,
                2.146046508342836
            ],
            "5sigma": [
                1.6641851378986439,
                2.289894645022802
            ],
            "q75%": 2.0183289171324343,
            "q25%": 1.9415277463413918,
            "q99%": 2.1099936755150033,
            "q01%": 1.8508562487684947,
            "q90%": 2.0496829266378636,
            "q10%": 1.9052712007730588
        },
        {
            "median": 1.098172604807533,
            "sigma": 0.3252042490991922,
            "1sigma": [
                0.7825031534439881,
                1.4329116516423726
            ],
            "2sigma": [
                0.4674844221833559,
                1.735709843224364
            ],
            "3sigma": [
                0.12541611064315222,
                2.0963869870478167
            ],
            "5sigma": [
                -0.6986816668247761,
                2.9377322385899967
            ],
            "q75%": 1.3300319493372992,
            "q25%": 0.8802978421947469,
            "q99%": 1.8456316313332932,
            "q01%": 0.321634377761615,
            "q90%": 1.5325386741655656,
            "q10%": 0.6960859090564603
        },
        {
            "median": -0.01666723777902777,
            "sigma": 0.05569726478726433,
            "1sigma": [
                -0.07252154066644774,
                0.038872988908080934
            ],
            "2sigma": [
                -0.12256023730320828,
                0.09598121898348747
            ],
            "3sigma": [
                -0.17722859864765983,
                0.16726095774945193
            ],
            "5sigma": [
                -0.26952558208606714,
                0.2998347811494338
            ],
            "q75%": 0.019388677251646294,
            "q25%": -0.05580300168813533,
            "q99%": 0.11705426010786987,
            "q01%": -0.13895227571683882,
            "q90%": 0.05502255233602734,
            "q10%": -0.08550023862402613
        }
    ]
}