{
    "data": {
        "obs": {
            "xs": [
                0.0,
                0.2564102564102564,
                0.5128205128205128,
                0.7692307692307692,
                1.0256410256410255,
                1.282051282051282,
                1.5384615384615383,
                1.7948717948717947,
                2.051282051282051,
                2.3076923076923075,
                2.564102564102564,
                2.8205128205128203,
                3.0769230769230766,
                3.333333333333333,
                3.5897435897435894,
                3.846153846153846,
                4.102564102564102,
                4.358974358974359,
                4.615384615384615,
                4.871794871794871,
                5.128205128205128,
                5.384615384615384,
                5.6410256410256405,
                5.897435897435897,
                6.153846153846153,
                6.41025641025641,
                6.666666666666666,
                6.9230769230769225,
                7.179487179487179,
                7.435897435897435,
                7.692307692307692,
                7.948717948717948,
                8.205128205128204,
                8.46153846153846,
                8.717948717948717,
                8.974358974358974,
                9.23076923076923,
                9.487179487179485,
                9.743589743589743,
                10.0
            ],
            "ys": [
                1.360800488979058,
                2.3706150379639275,
                2.370627461367304,
                1.177925445736252,
                3.9965013260528215,
                4.030131299428979,
                3.5163274411118204,
                5.196448702312284,
                5.483188858651163,
                5.922467957316095,
                6.157878819305842,
                7.211810756289227,
                6.384965514042426,
                7.496583687626852,
                7.676139839662753,
                9.317521493468265,
                9.246599302857046,
                9.412614905881153,
                9.414432829877592,
                10.475073161212295,
                11.264910942436494,
                11.4814928886236,
                13.633093568492002,
                13.845922837048354,
                10.47715558010606,
                11.848325091783366,
                14.15086591230739,
                14.405374115955823,
                15.58202419671115,
                16.098685628893257,
                18.59570395853363,
                15.736452136757908,
                17.01602520888589,
                20.055793094068903,
                19.111075185955244,
                19.640976432961956,
                18.92490005474345,
                18.253717981013157,
                20.66201781309166,
                21.113814049064626
            ],
            "xerr": [
                [
                    0.0,
                    0.0,
                    0.0,
                    0.0,
                    0.0,
                    0.0,
                    0.0,
                    0.0,
                    0.0,
                    0.0,
                    0.0,
                    0.0,
                    0.0,
                    0.0,
                    0.0,
                    0.0,
                    0.0,
                    0.0,
                    0.0,
                    0.0,
                    0.0,
                    0.0,
                    0.0,
                    0.0,
                    0.0,
                    0.0,
                    0.0,
                    0.0,
                    0.0,
                    0.0,
                    0.0,
                    0.0,
                    0.0,
                    0.0,
                    0.0,
                    0.0,
                    0.0,
                    0.0,
                    0.0,
                    0.0
                ],
                [
                    0.0,
                    0.0,
                    0.0,
                    0.0,
                    0.0,
                    0.0,
                    0.0,
                    0.0,
                    0.0,
                    0.0,
                    0.0,
                    0.0,
                    0.0,
                    0.0,
                    0.0,
                    0.0,
                    0.0,
                    0.0,
                    0.0,
                    0.0,
                    0.0,
                    0.0,
                    0.0,
                    0.0,
                    0.0,
                    0.0,
                    0.0,
                    0.0,
                    0.0,
                    0.0,
                    0.0,
                    0.0,
                    0.0,
                    0.0,
                    0.0,
                    0.0,
                    0.0,
                    0.0,
                    0.0,
                    0.0
                ]
            ],
            "yerr": [
                [
                    0.3,
                    0.3,
                    0.3,
                    0.3,
                    0.3,
                    0.3,
                    0.3,
                    0.3,
                    0.3,
                    0.3,
                    0.3,
                    0.3,
                    0.3,
                    0.3,
                    0.3,
                    0.3,
                    0.3,
                    0.3,
                    0.3,
                    0.3,
                    0.3,
                    0.3,
                    0.3,
                    0.3,
                    0.3,
                    0.3,
                    0.3,
                    0.3,
                    0.3,
                    0.3,
                    0.3,
                    0.3,
                    0.3,
                    0.3,
                    0.3,
                    0.3,
                    0.3,
                    0.3,
                    0.3,
                    0.3
                ],
                [
                    0.3,
                    0.3,
                    0.3,
                    0.3,
                    0.3,
                    0.3,
                    0.3,
                    0.3,
                    0.3,
                    0.3,
                    0.3,
                    0.3,
                    0.3,
                    0.3,
                    0.3,
                    0.3,
                    0.3,
                    0.3,
                    0.3,
                    0.3,
                    0.3,
                    0.3,
                    0.3,
                    0.3,
                    0.3,
                    0.3,
                    0.3,
                    0.3,
                    0.3,
                    0.3,
                    0.3,
                    0.3,
                    0.3,
                    0.3,
                    0.3,
                    0.3,
                    0.3,
                    0.3,
                    0.3,
                    0.3
                ]
            ]
        },